{
  "documentClassName": "DocumentClass",
  "displayName": "DocumentClass",
  "backcolor": "#FFCF9F",
  "columnSetups": [
    {
      "width": "25%"
    },
    {
      "width": "25%"
    },
    {
      "width": "25%"
    },
    {
      "width": "25%"
    }
  ],
  "rowSetups": [
    {
      "height": null
    },
    {
      "height": null
    },
    {
      "height": null
    },
    {
      "height": null
    },
    {
      "height": null
    },
    {
      "height": null
    }
  ],
  "elementSetups": [
    {
      "$type": "TextFieldSetup",
      "displayName": "InvoiceDate",
      "fieldNameVisibility": "inline",
      "showWarningSymbol": true,
      "collapseWarningSymbol": false,
      "controlBackcolorOK": "#E8FFE8",
      "controlForecolorOK": "#000000",
      "controlBackcolorError": "#FFEAED",
      "controlForecolorError": "#000000",
      "fieldNameFontSettings": {
        "fontFamily": "Tahoma",
        "fontWeight": "Normal",
        "fontStyle": "Normal",
        "fontSize": "11px"
      },
      "fieldControlFontSettings": {
        "fontFamily": "Tahoma",
        "fontWeight": "Normal",
        "fontStyle": "Normal",
        "fontSize": "11px"
      },
      "readOnly": false,
      "textAlignment": "left",
      "fieldBackcolorSelected": "#FF8000",
      "fieldForecolorSelected": "#FFFFFF",
      "tabOrder": 2,
      "name": "InvoiceDate",
      "elementType": 0,
      "margin": "5px 5px 5px 3px",
      "column": 0,
      "row": 1,
      "columnSpan": 2,
      "rowSpan": 2,
      "visible": true,
      "fieldBackcolorUnselected": "#FFCF9F",
      "fieldForecolorUnselected": "#000000"
    },
    {
      "$type": "TextFieldSetup",
      "displayName": "PurchaseOrder",
      "fieldNameVisibility": "inline",
      "showWarningSymbol": true,
      "collapseWarningSymbol": false,
      "controlBackcolorOK": "#E8FFE8",
      "controlForecolorOK": "#000000",
      "controlBackcolorError": "#FFEAED",
      "controlForecolorError": "#000000",
      "fieldNameFontSettings": {
        "fontFamily": "Tahoma",
        "fontWeight": "Normal",
        "fontStyle": "Normal",
        "fontSize": "11px"
      },
      "fieldControlFontSettings": {
        "fontFamily": "Tahoma",
        "fontWeight": "Normal",
        "fontStyle": "Normal",
        "fontSize": "11px"
      },
      "readOnly": false,
      "textAlignment": "left",
      "fieldBackcolorSelected": "#FF8000",
      "fieldForecolorSelected": "#FFFFFF",
      "tabOrder": 3,
      "name": "PurchaseOrder",
      "elementType": 0,
      "margin": "5px 5px 5px 3px",
      "column": 2,
      "row": 1,
      "columnSpan": 2,
      "rowSpan": 2,
      "visible": true,
      "fieldBackcolorUnselected": "#FFCF9F",
      "fieldForecolorUnselected": "#000000"
    },
    {
      "$type": "TextFieldSetup",
      "displayName": "TotalAmount",
      "fieldNameVisibility": "inline",
      "showWarningSymbol": true,
      "collapseWarningSymbol": false,
      "controlBackcolorOK": "#E8FFE8",
      "controlForecolorOK": "#000000",
      "controlBackcolorError": "#FFEAED",
      "controlForecolorError": "#000000",
      "fieldNameFontSettings": {
        "fontFamily": "Tahoma",
        "fontWeight": "Normal",
        "fontStyle": "Normal",
        "fontSize": "11px"
      },
      "fieldControlFontSettings": {
        "fontFamily": "Tahoma",
        "fontWeight": "Normal",
        "fontStyle": "Normal",
        "fontSize": "11px"
      },
      "readOnly": false,
      "textAlignment": "left",
      "fieldBackcolorSelected": "#FF8000",
      "fieldForecolorSelected": "#FFFFFF",
      "tabOrder": 4,
      "name": "TotalAmount",
      "elementType": 0,
      "margin": "5px 5px 5px 3px",
      "column": 0,
      "row": 2,
      "columnSpan": 2,
      "rowSpan": 2,
      "visible": true,
      "fieldBackcolorUnselected": "#FFCF9F",
      "fieldForecolorUnselected": "#000000"
    },
    {
      "$type": "LookupListFieldSetup",
      "displayName": "ShowAll",
      "fieldNameVisibility": "inline",
      "showWarningSymbol": true,
      "collapseWarningSymbol": false,
      "controlBackcolorOK": "#E8FFE8",
      "controlForecolorOK": "#000000",
      "controlBackcolorError": "#FFEAED",
      "controlForecolorError": "#000000",
      "fieldNameFontSettings": {
        "fontFamily": "Tahoma",
        "fontWeight": "Normal",
        "fontStyle": "Normal",
        "fontSize": "11px"
      },
      "fieldControlFontSettings": {
        "fontFamily": "Tahoma",
        "fontWeight": "Normal",
        "fontStyle": "Normal",
        "fontSize": "11px"
      },
      "readOnly": false,
      "textAlignment": "left",
      "fieldBackcolorSelected": "#FF8000",
      "fieldForecolorSelected": "#FFFFFF",
      "tabOrder": 1,
      "name": "ShowAll",
      "elementType": 0,
      "margin": "5px 5px 5px 3px",
      "column": 0,
      "row": 0,
      "columnSpan": 1,
      "rowSpan": 1,
      "visible": true,
      "fieldBackcolorUnselected": "#FFCF9F",
      "fieldForecolorUnselected": "#000000"
    },
    {
      "$type": "LookupListFieldSetup",
      "displayName": "Vendor",
      "fieldNameVisibility": "inline",
      "showWarningSymbol": true,
      "collapseWarningSymbol": false,
      "controlBackcolorOK": "#E8FFE8",
      "controlForecolorOK": "#000000",
      "controlBackcolorError": "#FFEAED",
      "controlForecolorError": "#000000",
      "fieldNameFontSettings": {
        "fontFamily": "Tahoma",
        "fontWeight": "Normal",
        "fontStyle": "Normal",
        "fontSize": "11px"
      },
      "fieldControlFontSettings": {
        "fontFamily": "Tahoma",
        "fontWeight": "Normal",
        "fontStyle": "Normal",
        "fontSize": "11px"
      },
      "readOnly": false,
      "textAlignment": "left",
      "fieldBackcolorSelected": "#FF8000",
      "fieldForecolorSelected": "#FFFFFF",
      "tabOrder": 5,
      "name": "Vendor",
      "elementType": 0,
      "margin": "5px 5px 5px 3px",
      "column": 2,
      "row": 2,
      "columnSpan": 2,
      "rowSpan": 2,
      "visible": true,
      "fieldBackcolorUnselected": "#FFCF9F",
      "fieldForecolorUnselected": "#000000"
    },
    {
      "$type": "TableFieldSetup",
      "displayName": "Items",
      "fieldNameVisibility": "inline",
      "showWarningSymbol": true,
      "collapseWarningSymbol": false,
      "controlBackcolorOK": "#E8FFE8",
      "controlForecolorOK": "#000000",
      "controlBackcolorError": "#FFEAED",
      "controlForecolorError": "#000000",
      "fieldNameFontSettings": {
        "fontFamily": "Tahoma",
        "fontWeight": "Normal",
        "fontStyle": "Normal",
        "fontSize": "11px"
      },
      "fieldControlFontSettings": {
        "fontFamily": "Tahoma",
        "fontWeight": "Normal",
        "fontStyle": "Normal",
        "fontSize": "11px"
      },
      "readOnly": false,
      "textAlignment": "left",
      "fieldBackcolorSelected": "#FF8000",
      "fieldForecolorSelected": "#FFFFFF",
      "tabOrder": 6,
      "name": "Items",
      "elementType": 0,
      "margin": "5px 5px 5px 3px",
      "column": 0,
      "row": 3,
      "columnSpan": 4,
      "rowSpan": 4,
      "visible": true,
      "fieldBackcolorUnselected": "#FFCF9F",
      "fieldForecolorUnselected": "#000000"
    }
  ]
}