{
  "documentClassName": "DocumentClass",
  "displayName": "DocumentClass",
  "fieldClasses": [
    {
      "$type": "TextFieldClass",
      "name": "InvoiceDate",
      "displayName": "InvoiceDate"
    },
    {
      "$type": "TextFieldClass",
      "name": "PurchaseOrder",
      "displayName": "PurchaseOrder"
    },
    {
      "$type": "TextFieldClass",
      "name": "TotalAmount",
      "displayName": "TotalAmount"
    },
    {
      "$type": "LookupListFieldClass",
      "name": "ShowAll",
      "displayName": "ShowAll",
      "listItems": [
        {
          "name": "Document",
          "displayName": "Document"
        },
        {
          "name": "NewLookupListField2",
          "displayName": "NewLookupListField2"
        },
        {
          "name": "NewLookupListField3",
          "displayName": "NewLookupListField3"
        },
        {
          "name": "NewLookupListField4",
          "displayName": "NewLookupListField4"
        },
        {
          "name": "NewLookupListField5",
          "displayName": "NewLookupListField5"
        },
        {
          "name": "NewLookupListField6",
          "displayName": "NewLookupListField6"
        },
        {
          "name": "NewLookupListField7",
          "displayName": "NewLookupListField7"
        },
        {
          "name": "NewLookupListField8",
          "displayName": "NewLookupListField8"
        },
        {
          "name": "NewLookupListField9",
          "displayName": "NewLookupListField9"
        },
        {
          "name": "NewLookupListField10",
          "displayName": "NewLookupListField10"
        }
      ]
    },
    {
      "$type": "LookupListFieldClass",
      "name": "Vendor",
      "displayName": "Vendor",
      "listItems": [
        {
          "name": "NewLookupListField",
          "displayName": "NewLookupListField"
        },
        {
          "name": "NewLookupListField2",
          "displayName": "NewLookupListField2"
        },
        {
          "name": "NewLookupListField3",
          "displayName": "NewLookupListField3"
        },
        {
          "name": "NewLookupListField4",
          "displayName": "NewLookupListField4"
        }
      ]
    },
    {
      "$type": "TableFieldClass",
      "name": "Items",
      "displayName": "Items",
      "columns": [
        {
          "name": "Qty",
          "displayName": "Qty"
        },
        {
          "name": "Unit",
          "displayName": "Unit"
        },
        {
          "name": "Desciption",
          "displayName": "Desciption"
        },
        {
          "name": "Price",
          "displayName": "Price"
        },
        {
          "name": "Total",
          "displayName": "Total"
        }
      ]
    }
  ]
}