{
  "documentClassName": "C03_ProcessSuite",
  "displayName": "C03_ProcessSuite",
  "fieldClasses": [
    {
      "$type": "TextFieldClass",
      "name": "Title_Title",
      "displayName": "Title_Title"
    },
    {
      "$type": "TextFieldClass",
      "name": "Properties_myLongText",
      "displayName": "Properties_myLongText"
    },
    {
      "$type": "TextFieldClass",
      "name": "Properties_myText",
      "displayName": "Properties_myText"
    },
    {
      "$type": "TextFieldClass",
      "name": "Properties_myInteger",
      "displayName": "Properties_myInteger"
    },
    {
      "$type": "TextFieldClass",
      "name": "Properties_myDate",
      "displayName": "Properties_myDate"
    },
    {
      "$type": "TextFieldClass",
      "name": "Properties_myDateTime",
      "displayName": "Properties_myDateTime"
    },
    {
      "$type": "TextFieldClass",
      "name": "Properties_myFloat",
      "displayName": "Properties_myFloat"
    },
    {
      "$type": "TextFieldClass",
      "name": "Properties_myBool",
      "displayName": "Properties_myBool"
    },
    {
      "$type": "TextFieldClass",
      "name": "Properties_myDuration",
      "displayName": "Properties_myDuration"
    },
    {
      "$type": "TextFieldClass",
      "name": "Properties_myDecimal",
      "displayName": "Properties_myDecimal"
    }
  ]
}