{
  "profileSettings": {
    "validationSettings": {
      "isTrainingEnabled": true,
      "deleteAllowanceDocuments": "allowed",
      "deleteAllowancePages": "allowed",
      "isSubmitToByUserEnabled": false
    },
    "reportingSettings": {
      "isReportingActivated": false,
      "isReportingCaching": false,
      "isReportUserNameComputerNameActivated": false
    }
  },
  "documentClassHeaders": [
    {
      "documentClassID": "1d0498c7-db26-433a-8b55-f7631ec9413a",
      "documentClassName": "C01_FileSystem",
      "displayName": "C01_FileSystem",
      "profileName": "JobClass10"
    },
    {
      "documentClassID": "cb50f259-eeb6-4eae-a8d9-2a7ee0659859",
      "documentClassName": "C02_ContentServer",
      "displayName": "C02_ContentServer",
      "profileName": "JobClass10"
    },
    {
      "documentClassID": "8119fab3-0920-48b4-837b-f1cb83c1652a",
      "documentClassName": "C03_ProcessSuite",
      "displayName": "C03_ProcessSuite",
      "profileName": "JobClass10"
    }
  ],
  "batchFieldClasses": []
}