{
  "documentClassName": "DocumentClass",
  "displayName": "DocumentClass",
  "fieldClasses": [
    {
      "$type": "TableFieldClass",
      "name": "Items",
      "displayName": "Items",
      "columns": [
        {
          "name": "Qty",
          "displayName": "Qty"
        },
        {
          "name": "UOM",
          "displayName": "UOM"
        },
        {
          "name": "Price",
          "displayName": "Price"
        },
        {
          "name": "Total",
          "displayName": "Total"
        }
      ]
    }
  ]
}