﻿<?xml version='1.0' encoding='UTF8'?>
<formident:FormTypeClassifier>
  <_Collection Name="Features">
    <formident:FeatureInfo Name="Text"/>
    <formident:FeatureInfo Name="Text1"/>
  </_Collection>
  <_Collection Name="FormTypes">
    <formident:FormType Name="__SeparationSheet"/>
    <formident:FormType Name="__AttachmentSheet"/>
  </_Collection>
  <_Collection Name="Tests">
    <formident:FormTypeTest FormIndex="0" Priority="100">
      <_Collection Name="Expressions">
        <formident:TestText Name="Text" Path="___RegExpFormatter"/>
      </_Collection>
    </formident:FormTypeTest>
    <formident:FormTypeTest FormIndex="1" Priority="99">
      <_Collection Name="Expressions">
        <formident:TestText Name="Text1" Path="___RegExpFormatter2"/>
      </_Collection>
    </formident:FormTypeTest>
  </_Collection>
</formident:FormTypeClassifier>
