{
  "documentClassName": "C03_ProcessSuite",
  "displayName": "C03_ProcessSuite",
  "defaultDisplayName": "C03_ProcessSuite",
  "displayNames": [],
  "backcolor": "#FFCF9F",
  "columnSetups": [
    {
      "width": "50%"
    },
    {
      "width": "50%"
    }
  ],
  "rowSetups": [
    {
      "fixedHeight": false,
      "height": "Auto",
      "minHeight": 0
    },
    {
      "fixedHeight": false,
      "height": "Auto",
      "minHeight": 0
    },
    {
      "fixedHeight": false,
      "height": "Auto",
      "minHeight": 0
    },
    {
      "fixedHeight": false,
      "height": "Auto",
      "minHeight": 0
    },
    {
      "fixedHeight": false,
      "height": "Auto",
      "minHeight": 0
    }
  ],
  "elementSetups": [
    {
      "$type": "TextFieldSetup",
      "fieldNameAboveControl": true,
      "displayName": "Title_Title",
      "defaultDisplayName": "Title_Title",
      "displayNames": [],
      "notNull": false,
      "canTrain": false,
      "defaultValue": "",
      "supportsReporting": false,
      "enableHighlighting": true,
      "fieldNameVisibility": "inline",
      "showWarningSymbol": true,
      "collapseWarningSymbol": false,
      "controlBackcolorOK": "#E8FFE8",
      "controlForecolorOK": "#000000",
      "controlBackcolorError": "#FFEAED",
      "controlForecolorError": "#000000",
      "fieldNameFontSettings": {
        "fontFamily": "Tahoma",
        "fontWeight": "Normal",
        "fontStyle": "Normal",
        "fontSize": "11px"
      },
      "fieldControlFontSettings": {
        "fontFamily": "Tahoma",
        "fontWeight": "Normal",
        "fontStyle": "Normal",
        "fontSize": "11px"
      },
      "readOnly": false,
      "textAlignment": "left",
      "normGuid": "",
      "fieldBackcolorSelected": "#FF8000",
      "fieldForecolorSelected": "#FFFFFF",
      "tabOrder": 1,
      "name": "Title_Title",
      "elementType": 0,
      "margin": "5px 5px 5px 3px",
      "column": 0,
      "row": 0,
      "columnSpan": 1,
      "rowSpan": 1,
      "visible": true,
      "fieldBackcolorUnselected": "#FFCF9F",
      "fieldForecolorUnselected": "#000000"
    },
    {
      "$type": "TextFieldSetup",
      "fieldNameAboveControl": true,
      "displayName": "Properties_myLongText",
      "defaultDisplayName": "Properties_myLongText",
      "displayNames": [],
      "notNull": false,
      "canTrain": false,
      "defaultValue": "",
      "supportsReporting": false,
      "enableHighlighting": true,
      "fieldNameVisibility": "inline",
      "showWarningSymbol": true,
      "collapseWarningSymbol": false,
      "controlBackcolorOK": "#E8FFE8",
      "controlForecolorOK": "#000000",
      "controlBackcolorError": "#FFEAED",
      "controlForecolorError": "#000000",
      "fieldNameFontSettings": {
        "fontFamily": "Tahoma",
        "fontWeight": "Normal",
        "fontStyle": "Normal",
        "fontSize": "11px"
      },
      "fieldControlFontSettings": {
        "fontFamily": "Tahoma",
        "fontWeight": "Normal",
        "fontStyle": "Normal",
        "fontSize": "11px"
      },
      "readOnly": false,
      "textAlignment": "left",
      "normGuid": "",
      "fieldBackcolorSelected": "#FF8000",
      "fieldForecolorSelected": "#FFFFFF",
      "tabOrder": 2,
      "name": "Properties_myLongText",
      "elementType": 0,
      "margin": "5px 5px 5px 3px",
      "column": 1,
      "row": 0,
      "columnSpan": 1,
      "rowSpan": 1,
      "visible": true,
      "fieldBackcolorUnselected": "#FFCF9F",
      "fieldForecolorUnselected": "#000000"
    },
    {
      "$type": "TextFieldSetup",
      "fieldNameAboveControl": true,
      "displayName": "Properties_myText",
      "defaultDisplayName": "Properties_myText",
      "displayNames": [],
      "notNull": false,
      "canTrain": false,
      "defaultValue": "",
      "supportsReporting": false,
      "enableHighlighting": true,
      "fieldNameVisibility": "inline",
      "showWarningSymbol": true,
      "collapseWarningSymbol": false,
      "controlBackcolorOK": "#E8FFE8",
      "controlForecolorOK": "#000000",
      "controlBackcolorError": "#FFEAED",
      "controlForecolorError": "#000000",
      "fieldNameFontSettings": {
        "fontFamily": "Tahoma",
        "fontWeight": "Normal",
        "fontStyle": "Normal",
        "fontSize": "11px"
      },
      "fieldControlFontSettings": {
        "fontFamily": "Tahoma",
        "fontWeight": "Normal",
        "fontStyle": "Normal",
        "fontSize": "11px"
      },
      "readOnly": false,
      "textAlignment": "left",
      "normGuid": "",
      "fieldBackcolorSelected": "#FF8000",
      "fieldForecolorSelected": "#FFFFFF",
      "tabOrder": 3,
      "name": "Properties_myText",
      "elementType": 0,
      "margin": "5px 5px 5px 3px",
      "column": 0,
      "row": 1,
      "columnSpan": 1,
      "rowSpan": 1,
      "visible": true,
      "fieldBackcolorUnselected": "#FFCF9F",
      "fieldForecolorUnselected": "#000000"
    },
    {
      "$type": "TextFieldSetup",
      "fieldNameAboveControl": true,
      "displayName": "Properties_myInteger",
      "defaultDisplayName": "Properties_myInteger",
      "displayNames": [],
      "notNull": false,
      "canTrain": false,
      "defaultValue": "",
      "supportsReporting": false,
      "enableHighlighting": true,
      "fieldNameVisibility": "inline",
      "showWarningSymbol": true,
      "collapseWarningSymbol": false,
      "controlBackcolorOK": "#E8FFE8",
      "controlForecolorOK": "#000000",
      "controlBackcolorError": "#FFEAED",
      "controlForecolorError": "#000000",
      "fieldNameFontSettings": {
        "fontFamily": "Tahoma",
        "fontWeight": "Normal",
        "fontStyle": "Normal",
        "fontSize": "11px"
      },
      "fieldControlFontSettings": {
        "fontFamily": "Tahoma",
        "fontWeight": "Normal",
        "fontStyle": "Normal",
        "fontSize": "11px"
      },
      "readOnly": false,
      "textAlignment": "left",
      "normGuid": "",
      "fieldBackcolorSelected": "#FF8000",
      "fieldForecolorSelected": "#FFFFFF",
      "tabOrder": 4,
      "name": "Properties_myInteger",
      "elementType": 0,
      "margin": "5px 5px 5px 3px",
      "column": 1,
      "row": 1,
      "columnSpan": 1,
      "rowSpan": 1,
      "visible": true,
      "fieldBackcolorUnselected": "#FFCF9F",
      "fieldForecolorUnselected": "#000000"
    },
    {
      "$type": "TextFieldSetup",
      "fieldNameAboveControl": true,
      "displayName": "Properties_myDate",
      "defaultDisplayName": "Properties_myDate",
      "displayNames": [],
      "notNull": false,
      "canTrain": false,
      "defaultValue": "",
      "supportsReporting": false,
      "enableHighlighting": true,
      "fieldNameVisibility": "inline",
      "showWarningSymbol": true,
      "collapseWarningSymbol": false,
      "controlBackcolorOK": "#E8FFE8",
      "controlForecolorOK": "#000000",
      "controlBackcolorError": "#FFEAED",
      "controlForecolorError": "#000000",
      "fieldNameFontSettings": {
        "fontFamily": "Tahoma",
        "fontWeight": "Normal",
        "fontStyle": "Normal",
        "fontSize": "11px"
      },
      "fieldControlFontSettings": {
        "fontFamily": "Tahoma",
        "fontWeight": "Normal",
        "fontStyle": "Normal",
        "fontSize": "11px"
      },
      "readOnly": false,
      "textAlignment": "left",
      "normGuid": "",
      "fieldBackcolorSelected": "#FF8000",
      "fieldForecolorSelected": "#FFFFFF",
      "tabOrder": 5,
      "name": "Properties_myDate",
      "elementType": 0,
      "margin": "5px 5px 5px 3px",
      "column": 0,
      "row": 2,
      "columnSpan": 1,
      "rowSpan": 1,
      "visible": true,
      "fieldBackcolorUnselected": "#FFCF9F",
      "fieldForecolorUnselected": "#000000"
    },
    {
      "$type": "TextFieldSetup",
      "fieldNameAboveControl": true,
      "displayName": "Properties_myDateTime",
      "defaultDisplayName": "Properties_myDateTime",
      "displayNames": [],
      "notNull": false,
      "canTrain": false,
      "defaultValue": "",
      "supportsReporting": false,
      "enableHighlighting": true,
      "fieldNameVisibility": "inline",
      "showWarningSymbol": true,
      "collapseWarningSymbol": false,
      "controlBackcolorOK": "#E8FFE8",
      "controlForecolorOK": "#000000",
      "controlBackcolorError": "#FFEAED",
      "controlForecolorError": "#000000",
      "fieldNameFontSettings": {
        "fontFamily": "Tahoma",
        "fontWeight": "Normal",
        "fontStyle": "Normal",
        "fontSize": "11px"
      },
      "fieldControlFontSettings": {
        "fontFamily": "Tahoma",
        "fontWeight": "Normal",
        "fontStyle": "Normal",
        "fontSize": "11px"
      },
      "readOnly": false,
      "textAlignment": "left",
      "normGuid": "",
      "fieldBackcolorSelected": "#FF8000",
      "fieldForecolorSelected": "#FFFFFF",
      "tabOrder": 6,
      "name": "Properties_myDateTime",
      "elementType": 0,
      "margin": "5px 5px 5px 3px",
      "column": 1,
      "row": 2,
      "columnSpan": 1,
      "rowSpan": 1,
      "visible": true,
      "fieldBackcolorUnselected": "#FFCF9F",
      "fieldForecolorUnselected": "#000000"
    },
    {
      "$type": "TextFieldSetup",
      "fieldNameAboveControl": true,
      "displayName": "Properties_myFloat",
      "defaultDisplayName": "Properties_myFloat",
      "displayNames": [],
      "notNull": false,
      "canTrain": false,
      "defaultValue": "",
      "supportsReporting": false,
      "enableHighlighting": true,
      "fieldNameVisibility": "inline",
      "showWarningSymbol": true,
      "collapseWarningSymbol": false,
      "controlBackcolorOK": "#E8FFE8",
      "controlForecolorOK": "#000000",
      "controlBackcolorError": "#FFEAED",
      "controlForecolorError": "#000000",
      "fieldNameFontSettings": {
        "fontFamily": "Tahoma",
        "fontWeight": "Normal",
        "fontStyle": "Normal",
        "fontSize": "11px"
      },
      "fieldControlFontSettings": {
        "fontFamily": "Tahoma",
        "fontWeight": "Normal",
        "fontStyle": "Normal",
        "fontSize": "11px"
      },
      "readOnly": false,
      "textAlignment": "left",
      "normGuid": "",
      "fieldBackcolorSelected": "#FF8000",
      "fieldForecolorSelected": "#FFFFFF",
      "tabOrder": 7,
      "name": "Properties_myFloat",
      "elementType": 0,
      "margin": "5px 5px 5px 3px",
      "column": 0,
      "row": 3,
      "columnSpan": 1,
      "rowSpan": 1,
      "visible": true,
      "fieldBackcolorUnselected": "#FFCF9F",
      "fieldForecolorUnselected": "#000000"
    },
    {
      "$type": "TextFieldSetup",
      "fieldNameAboveControl": true,
      "displayName": "Properties_myBool",
      "defaultDisplayName": "Properties_myBool",
      "displayNames": [],
      "notNull": false,
      "canTrain": false,
      "defaultValue": "",
      "supportsReporting": false,
      "enableHighlighting": true,
      "fieldNameVisibility": "inline",
      "showWarningSymbol": true,
      "collapseWarningSymbol": false,
      "controlBackcolorOK": "#E8FFE8",
      "controlForecolorOK": "#000000",
      "controlBackcolorError": "#FFEAED",
      "controlForecolorError": "#000000",
      "fieldNameFontSettings": {
        "fontFamily": "Tahoma",
        "fontWeight": "Normal",
        "fontStyle": "Normal",
        "fontSize": "11px"
      },
      "fieldControlFontSettings": {
        "fontFamily": "Tahoma",
        "fontWeight": "Normal",
        "fontStyle": "Normal",
        "fontSize": "11px"
      },
      "readOnly": false,
      "textAlignment": "left",
      "normGuid": "",
      "fieldBackcolorSelected": "#FF8000",
      "fieldForecolorSelected": "#FFFFFF",
      "tabOrder": 8,
      "name": "Properties_myBool",
      "elementType": 0,
      "margin": "5px 5px 5px 3px",
      "column": 1,
      "row": 3,
      "columnSpan": 1,
      "rowSpan": 1,
      "visible": true,
      "fieldBackcolorUnselected": "#FFCF9F",
      "fieldForecolorUnselected": "#000000"
    },
    {
      "$type": "TextFieldSetup",
      "fieldNameAboveControl": true,
      "displayName": "Properties_myDuration",
      "defaultDisplayName": "Properties_myDuration",
      "displayNames": [],
      "notNull": false,
      "canTrain": false,
      "defaultValue": "",
      "supportsReporting": false,
      "enableHighlighting": true,
      "fieldNameVisibility": "inline",
      "showWarningSymbol": true,
      "collapseWarningSymbol": false,
      "controlBackcolorOK": "#E8FFE8",
      "controlForecolorOK": "#000000",
      "controlBackcolorError": "#FFEAED",
      "controlForecolorError": "#000000",
      "fieldNameFontSettings": {
        "fontFamily": "Tahoma",
        "fontWeight": "Normal",
        "fontStyle": "Normal",
        "fontSize": "11px"
      },
      "fieldControlFontSettings": {
        "fontFamily": "Tahoma",
        "fontWeight": "Normal",
        "fontStyle": "Normal",
        "fontSize": "11px"
      },
      "readOnly": false,
      "textAlignment": "left",
      "normGuid": "",
      "fieldBackcolorSelected": "#FF8000",
      "fieldForecolorSelected": "#FFFFFF",
      "tabOrder": 9,
      "name": "Properties_myDuration",
      "elementType": 0,
      "margin": "5px 5px 5px 3px",
      "column": 0,
      "row": 4,
      "columnSpan": 1,
      "rowSpan": 1,
      "visible": true,
      "fieldBackcolorUnselected": "#FFCF9F",
      "fieldForecolorUnselected": "#000000"
    },
    {
      "$type": "TextFieldSetup",
      "fieldNameAboveControl": true,
      "displayName": "Properties_myDecimal",
      "defaultDisplayName": "Properties_myDecimal",
      "displayNames": [],
      "notNull": false,
      "canTrain": false,
      "defaultValue": "",
      "supportsReporting": false,
      "enableHighlighting": true,
      "fieldNameVisibility": "inline",
      "showWarningSymbol": true,
      "collapseWarningSymbol": false,
      "controlBackcolorOK": "#E8FFE8",
      "controlForecolorOK": "#000000",
      "controlBackcolorError": "#FFEAED",
      "controlForecolorError": "#000000",
      "fieldNameFontSettings": {
        "fontFamily": "Tahoma",
        "fontWeight": "Normal",
        "fontStyle": "Normal",
        "fontSize": "11px"
      },
      "fieldControlFontSettings": {
        "fontFamily": "Tahoma",
        "fontWeight": "Normal",
        "fontStyle": "Normal",
        "fontSize": "11px"
      },
      "readOnly": false,
      "textAlignment": "left",
      "normGuid": "",
      "fieldBackcolorSelected": "#FF8000",
      "fieldForecolorSelected": "#FFFFFF",
      "tabOrder": 10,
      "name": "Properties_myDecimal",
      "elementType": 0,
      "margin": "5px 5px 5px 3px",
      "column": 1,
      "row": 4,
      "columnSpan": 1,
      "rowSpan": 1,
      "visible": true,
      "fieldBackcolorUnselected": "#FFCF9F",
      "fieldForecolorUnselected": "#000000"
    }
  ],
  "removeFromDocTypeSelection": false,
  "documentListForecolor": "#000000",
  "documentListBackcolor": "#FFFFFF"
}