{
  "documentClassName": "DocumentClass",
  "displayName": "DocumentClass",
  "backcolor": "#FFCF9F",
  "columnSetups": [
    {
      "width": "50%"
    },
    {
      "width": "50%"
    }
  ],
  "rowSetups": [
    {
      "height": null
    },
    {
      "height": null
    },
    {
      "height": null
    },
    {
      "height": null
    },
    {
      "height": null
    },
    {
      "height": null
    }
  ],
  "elementSetups": [
    {
      "$type": "TextFieldSetup",
      "displayName": "InvoiceTotals",
      "fieldNameVisibility": "inline",
      "showWarningSymbol": true,
      "collapseWarningSymbol": false,
      "controlBackcolorOK": "#E8FFE8",
      "controlForecolorOK": "#000000",
      "controlBackcolorError": "#FFEAED",
      "controlForecolorError": "#000000",
      "fieldNameFontSettings": {
        "fontFamily": "Tahoma",
        "fontWeight": "Normal",
        "fontStyle": "Normal",
        "fontSize": "11px"
      },
      "fieldControlFontSettings": {
        "fontFamily": "Tahoma",
        "fontWeight": "Normal",
        "fontStyle": "Normal",
        "fontSize": "11px"
      },
      "readOnly": false,
      "textAlignment": "left",
      "fieldBackcolorSelected": "#FF8000",
      "fieldForecolorSelected": "#FFFFFF",
      "tabOrder": 1,
      "name": "InvoiceTotals",
      "elementType": 0,
      "margin": "5px 5px 5px 3px",
      "column": 0,
      "row": 0,
      "columnSpan": 1,
      "rowSpan": 1,
      "visible": true,
      "fieldBackcolorUnselected": "#FFCF9F",
      "fieldForecolorUnselected": "#000000"
    },
    {
      "$type": "TextFieldSetup",
      "displayName": "Total",
      "fieldNameVisibility": "inline",
      "showWarningSymbol": true,
      "collapseWarningSymbol": false,
      "controlBackcolorOK": "#E8FFE8",
      "controlForecolorOK": "#000000",
      "controlBackcolorError": "#FFEAED",
      "controlForecolorError": "#000000",
      "fieldNameFontSettings": {
        "fontFamily": "Tahoma",
        "fontWeight": "Normal",
        "fontStyle": "Normal",
        "fontSize": "11px"
      },
      "fieldControlFontSettings": {
        "fontFamily": "Tahoma",
        "fontWeight": "Normal",
        "fontStyle": "Normal",
        "fontSize": "11px"
      },
      "readOnly": false,
      "textAlignment": "left",
      "fieldBackcolorSelected": "#FF8000",
      "fieldForecolorSelected": "#FFFFFF",
      "tabOrder": 3,
      "name": "Total",
      "elementType": 0,
      "margin": "5px 5px 5px 3px",
      "column": 0,
      "row": 2,
      "columnSpan": 1,
      "rowSpan": 1,
      "visible": true,
      "fieldBackcolorUnselected": "#FFCF9F",
      "fieldForecolorUnselected": "#000000"
    },
    {
      "$type": "TextFieldSetup",
      "displayName": "Net",
      "fieldNameVisibility": "inline",
      "showWarningSymbol": true,
      "collapseWarningSymbol": false,
      "controlBackcolorOK": "#E8FFE8",
      "controlForecolorOK": "#000000",
      "controlBackcolorError": "#FFEAED",
      "controlForecolorError": "#000000",
      "fieldNameFontSettings": {
        "fontFamily": "Tahoma",
        "fontWeight": "Normal",
        "fontStyle": "Normal",
        "fontSize": "11px"
      },
      "fieldControlFontSettings": {
        "fontFamily": "Tahoma",
        "fontWeight": "Normal",
        "fontStyle": "Normal",
        "fontSize": "11px"
      },
      "readOnly": false,
      "textAlignment": "left",
      "fieldBackcolorSelected": "#FF8000",
      "fieldForecolorSelected": "#FFFFFF",
      "tabOrder": 5,
      "name": "Net",
      "elementType": 0,
      "margin": "5px 5px 5px 3px",
      "column": 0,
      "row": 3,
      "columnSpan": 1,
      "rowSpan": 1,
      "visible": true,
      "fieldBackcolorUnselected": "#FFCF9F",
      "fieldForecolorUnselected": "#000000"
    },
    {
      "$type": "TextFieldSetup",
      "displayName": "Vat",
      "fieldNameVisibility": "inline",
      "showWarningSymbol": true,
      "collapseWarningSymbol": false,
      "controlBackcolorOK": "#E8FFE8",
      "controlForecolorOK": "#000000",
      "controlBackcolorError": "#FFEAED",
      "controlForecolorError": "#000000",
      "fieldNameFontSettings": {
        "fontFamily": "Tahoma",
        "fontWeight": "Normal",
        "fontStyle": "Normal",
        "fontSize": "11px"
      },
      "fieldControlFontSettings": {
        "fontFamily": "Tahoma",
        "fontWeight": "Normal",
        "fontStyle": "Normal",
        "fontSize": "11px"
      },
      "readOnly": false,
      "textAlignment": "left",
      "fieldBackcolorSelected": "#FF8000",
      "fieldForecolorSelected": "#FFFFFF",
      "tabOrder": 6,
      "name": "Vat",
      "elementType": 0,
      "margin": "5px 5px 5px 3px",
      "column": 1,
      "row": 3,
      "columnSpan": 1,
      "rowSpan": 1,
      "visible": true,
      "fieldBackcolorUnselected": "#FFCF9F",
      "fieldForecolorUnselected": "#000000"
    },
    {
      "$type": "TextFieldSetup",
      "displayName": "VatRate",
      "fieldNameVisibility": "inline",
      "showWarningSymbol": true,
      "collapseWarningSymbol": false,
      "controlBackcolorOK": "#E8FFE8",
      "controlForecolorOK": "#000000",
      "controlBackcolorError": "#FFEAED",
      "controlForecolorError": "#000000",
      "fieldNameFontSettings": {
        "fontFamily": "Tahoma",
        "fontWeight": "Normal",
        "fontStyle": "Normal",
        "fontSize": "11px"
      },
      "fieldControlFontSettings": {
        "fontFamily": "Tahoma",
        "fontWeight": "Normal",
        "fontStyle": "Normal",
        "fontSize": "11px"
      },
      "readOnly": false,
      "textAlignment": "left",
      "fieldBackcolorSelected": "#FF8000",
      "fieldForecolorSelected": "#FFFFFF",
      "tabOrder": 7,
      "name": "VatRate",
      "elementType": 0,
      "margin": "5px 5px 5px 3px",
      "column": 0,
      "row": 4,
      "columnSpan": 1,
      "rowSpan": 1,
      "visible": true,
      "fieldBackcolorUnselected": "#FFCF9F",
      "fieldForecolorUnselected": "#000000"
    },
    {
      "$type": "TextFieldSetup",
      "displayName": "Expenses",
      "fieldNameVisibility": "inline",
      "showWarningSymbol": true,
      "collapseWarningSymbol": false,
      "controlBackcolorOK": "#E8FFE8",
      "controlForecolorOK": "#000000",
      "controlBackcolorError": "#FFEAED",
      "controlForecolorError": "#000000",
      "fieldNameFontSettings": {
        "fontFamily": "Tahoma",
        "fontWeight": "Normal",
        "fontStyle": "Normal",
        "fontSize": "11px"
      },
      "fieldControlFontSettings": {
        "fontFamily": "Tahoma",
        "fontWeight": "Normal",
        "fontStyle": "Normal",
        "fontSize": "11px"
      },
      "readOnly": false,
      "textAlignment": "left",
      "fieldBackcolorSelected": "#FF8000",
      "fieldForecolorSelected": "#FFFFFF",
      "tabOrder": 8,
      "name": "Expenses",
      "elementType": 0,
      "margin": "5px 5px 5px 3px",
      "column": 1,
      "row": 4,
      "columnSpan": 1,
      "rowSpan": 1,
      "visible": true,
      "fieldBackcolorUnselected": "#FFCF9F",
      "fieldForecolorUnselected": "#000000"
    },
    {
      "$type": "TextFieldSetup",
      "displayName": "Currency",
      "fieldNameVisibility": "inline",
      "showWarningSymbol": true,
      "collapseWarningSymbol": false,
      "controlBackcolorOK": "#E8FFE8",
      "controlForecolorOK": "#000000",
      "controlBackcolorError": "#FFEAED",
      "controlForecolorError": "#000000",
      "fieldNameFontSettings": {
        "fontFamily": "Tahoma",
        "fontWeight": "Normal",
        "fontStyle": "Normal",
        "fontSize": "11px"
      },
      "fieldControlFontSettings": {
        "fontFamily": "Tahoma",
        "fontWeight": "Normal",
        "fontStyle": "Normal",
        "fontSize": "11px"
      },
      "readOnly": false,
      "textAlignment": "left",
      "fieldBackcolorSelected": "#FF8000",
      "fieldForecolorSelected": "#FFFFFF",
      "tabOrder": 4,
      "name": "Currency",
      "elementType": 0,
      "margin": "5px 5px 5px 3px",
      "column": 1,
      "row": 2,
      "columnSpan": 1,
      "rowSpan": 1,
      "visible": true,
      "fieldBackcolorUnselected": "#FFCF9F",
      "fieldForecolorUnselected": "#000000"
    },
    {
      "$type": "TableFieldSetup",
      "displayName": "Taxes",
      "fieldNameVisibility": "inline",
      "showWarningSymbol": true,
      "collapseWarningSymbol": false,
      "controlBackcolorOK": "#E8FFE8",
      "controlForecolorOK": "#000000",
      "controlBackcolorError": "#FFEAED",
      "controlForecolorError": "#000000",
      "fieldNameFontSettings": {
        "fontFamily": "Tahoma",
        "fontWeight": "Normal",
        "fontStyle": "Normal",
        "fontSize": "11px"
      },
      "fieldControlFontSettings": {
        "fontFamily": "Tahoma",
        "fontWeight": "Normal",
        "fontStyle": "Normal",
        "fontSize": "11px"
      },
      "readOnly": false,
      "textAlignment": "left",
      "fieldBackcolorSelected": "#FF8000",
      "fieldForecolorSelected": "#FFFFFF",
      "tabOrder": 2,
      "name": "Taxes",
      "elementType": 0,
      "margin": "5px 5px 5px 3px",
      "column": 0,
      "row": 5,
      "columnSpan": 2,
      "rowSpan": 2,
      "visible": true,
      "fieldBackcolorUnselected": "#FFCF9F",
      "fieldForecolorUnselected": "#000000"
    },
    {
      "$type": "LineSetup",
      "thickness": "4px",
      "cornerRadius": "2px",
      "color": null,
      "name": "Line1",
      "elementType": 0,
      "margin": "5px 5px 5px 3px",
      "column": 0,
      "row": 1,
      "columnSpan": 2,
      "rowSpan": 2,
      "visible": true,
      "fieldBackcolorUnselected": "#FFCF9F",
      "fieldForecolorUnselected": "#000000"
    }
  ]
}