{
  "documentClassName": "DocumentClass",
  "displayName": "DocumentClass",
  "fieldClasses": [
    {
      "$type": "TextFieldClass",
      "name": "Firstname",
      "displayName": "Firstname"
    },
    {
      "$type": "TextFieldClass",
      "name": "Lastname",
      "displayName": "Lastname"
    },
    {
      "$type": "TextFieldClass",
      "name": "Street",
      "displayName": "Street"
    },
    {
      "$type": "TextFieldClass",
      "name": "Confirmation",
      "displayName": "Confirmation"
    }
  ]
}