{
  "documentClassName": "DocumentClass",
  "displayName": "DocumentClass",
  "fieldClasses": [
    {
      "$type": "TextFieldClass",
      "name": "Amount1_Extracted",
      "displayName": "Amount1_Extracted"
    },
    {
      "$type": "TextFieldClass",
      "name": "Amount1_Raw",
      "displayName": "Amount1_Raw"
    },
    {
      "$type": "TextFieldClass",
      "name": "Amount2_Extracted",
      "displayName": "Amount2_Extracted"
    },
    {
      "$type": "TextFieldClass",
      "name": "Amount2_Raw",
      "displayName": "Amount2_Raw"
    },
    {
      "$type": "TextFieldClass",
      "name": "Date_Extracted",
      "displayName": "Date_Extracted"
    },
    {
      "$type": "TextFieldClass",
      "name": "Date_Raw",
      "displayName": "Date_Raw"
    }
  ]
}