{
  "profileSettings": {
    "validationSettings": {
      "isTrainingEnabled": true,
      "deleteAllowanceDocuments": "allowed",
      "deleteAllowancePages": "allowed",
      "isSubmitToByUserEnabled": false
    },
    "reportingSettings": {
      "isReportingActivated": false,
      "isReportingCaching": false,
      "isReportUserNameComputerNameActivated": false
    }
  },
  "documentClassHeaders": [
    {
      "documentClassID": "3689bd54-173b-432f-a0c9-cbd120d25043",
      "documentClassName": "DocumentClass",
      "displayName": "DocumentClass",
      "profileName": "JobClass12"
    }
  ],
  "batchFieldClasses": []
}