{
  "documentClassName": "D2",
  "displayName": "D2",
  "defaultDisplayName": "D2",
  "displayNames": [],
  "backcolor": "#FFFFFF",
  "columnSetups": [
    {
      "width": "50%"
    },
    {
      "width": "50%"
    }
  ],
  "rowSetups": [
    {
      "fixedHeight": false,
      "height": "Auto",
      "minHeight": 0
    }
  ],
  "elementSetups": [
    {
      "$type": "TextFieldSetup",
      "fieldNameAboveControl": true,
      "displayName": "F1",
      "defaultDisplayName": "F1",
      "displayNames": [],
      "notNull": false,
      "canTrain": false,
      "defaultValue": "",
      "supportsReporting": false,
      "enableHighlighting": true,
      "fieldNameVisibility": "inline",
      "showWarningSymbol": true,
      "collapseWarningSymbol": false,
      "controlBackcolorOK": "#FFFFFF",
      "controlForecolorOK": "#000000",
      "controlBackcolorError": "#FFEAED",
      "controlForecolorError": "#000000",
      "fieldNameFontSettings": {
        "fontFamily": "Tahoma",
        "fontWeight": "Normal",
        "fontStyle": "Normal",
        "fontSize": "11px"
      },
      "fieldControlFontSettings": {
        "fontFamily": "Tahoma",
        "fontWeight": "Normal",
        "fontStyle": "Normal",
        "fontSize": "11px"
      },
      "readOnly": false,
      "textAlignment": "left",
      "normGuid": "",
      "fieldBackcolorSelected": "#EBEDF0",
      "fieldForecolorSelected": "#000000",
      "tabOrder": 1,
      "name": "F1",
      "elementType": 0,
      "margin": "5px 5px 5px 3px",
      "column": 0,
      "row": 0,
      "columnSpan": 1,
      "rowSpan": 1,
      "visible": true,
      "fieldBackcolorUnselected": "#FFFFFF",
      "fieldForecolorUnselected": "#000000"
    }
  ],
  "removeFromDocTypeSelection": false,
  "documentListForecolor": "#000000",
  "documentListBackcolor": "#FFFFFF"
}