{
  "profileSettings": {
    "validationSettings": {
      "isTrainingEnabled": true,
      "deleteAllowanceDocuments": "allowed",
      "deleteAllowancePages": "allowed",
      "isSubmitToByUserEnabled": false
    },
    "reportingSettings": {
      "isReportingActivated": false,
      "isReportingCaching": false,
      "isReportUserNameComputerNameActivated": false
    }
  },
  "documentClassHeaders": [
    {
      "documentClassID": "0ef96a6e-da8d-4fce-95c0-341d666ba8fb",
      "documentClassName": "DocumentClass",
      "displayName": "DocumentClass",
      "profileName": "JobClass21"
    }
  ],
  "batchFieldClasses": []
}