{
  "documentClassName": "DocumentClass",
  "displayName": "DocumentClass",
  "backcolor": "#FFCF9F",
  "columnSetups": [
    {
      "width": "100%"
    }
  ],
  "rowSetups": [
    {
      "height": null
    },
    {
      "height": null
    }
  ],
  "elementSetups": [
    {
      "$type": "TextFieldSetup",
      "displayName": "Photo",
      "fieldNameVisibility": "inline",
      "showWarningSymbol": true,
      "collapseWarningSymbol": false,
      "controlBackcolorOK": "#E8FFE8",
      "controlForecolorOK": "#000000",
      "controlBackcolorError": "#FFEAED",
      "controlForecolorError": "#000000",
      "fieldNameFontSettings": {
        "fontFamily": "Tahoma",
        "fontWeight": "Normal",
        "fontStyle": "Normal",
        "fontSize": "11px"
      },
      "fieldControlFontSettings": {
        "fontFamily": "Tahoma",
        "fontWeight": "Normal",
        "fontStyle": "Normal",
        "fontSize": "11px"
      },
      "readOnly": false,
      "textAlignment": "left",
      "fieldBackcolorSelected": "#FF8000",
      "fieldForecolorSelected": "#FFFFFF",
      "tabOrder": 4,
      "name": "Photo",
      "elementType": 0,
      "margin": "5px 5px 5px 3px",
      "column": 0,
      "row": 1,
      "columnSpan": 1,
      "rowSpan": 1,
      "visible": true,
      "fieldBackcolorUnselected": "#FFCF9F",
      "fieldForecolorUnselected": "#000000"
    },
    {
      "$type": "TextFieldSetup",
      "displayName": "PhotoAutomation",
      "fieldNameVisibility": "inline",
      "showWarningSymbol": true,
      "collapseWarningSymbol": false,
      "controlBackcolorOK": "#E8FFE8",
      "controlForecolorOK": "#000000",
      "controlBackcolorError": "#FFEAED",
      "controlForecolorError": "#000000",
      "fieldNameFontSettings": {
        "fontFamily": "Tahoma",
        "fontWeight": "Normal",
        "fontStyle": "Normal",
        "fontSize": "11px"
      },
      "fieldControlFontSettings": {
        "fontFamily": "Tahoma",
        "fontWeight": "Normal",
        "fontStyle": "Normal",
        "fontSize": "11px"
      },
      "readOnly": false,
      "textAlignment": "left",
      "fieldBackcolorSelected": "#FF8000",
      "fieldForecolorSelected": "#FFFFFF",
      "tabOrder": 5,
      "name": "PhotoAutomation",
      "elementType": 0,
      "margin": "5px 5px 5px 3px",
      "column": 0,
      "row": 0,
      "columnSpan": 1,
      "rowSpan": 1,
      "visible": true,
      "fieldBackcolorUnselected": "#FFCF9F",
      "fieldForecolorUnselected": "#000000"
    }
  ]
}