{
  "batchNamePattern": "<DATE>_<SCANUSER>",
  "defaultDocumentClassName": "",
  "looseFiles": false,
  "showDocumentClasses": true,
  "batchCreationMode": 0,
  "documentClasses": [
    {
      "documentClassName": "C01_FileSystem",
      "displayName": "C01_FileSystem"
    },
    {
      "documentClassName": "C02_ContentServer",
      "displayName": "C02_ContentServer"
    },
    {
      "documentClassName": "C03_ProcessSuite",
      "displayName": "C03_ProcessSuite"
    }
  ]
}