{
  "documentClassHeaders": [
    {
      "documentClassID": "bb802c61-6a96-41ac-a1cc-c3cff3740725",
      "documentClassName": "Class1",
      "displayName": "Class1",
      "profileName": "JobClass16"
    },
    {
      "documentClassID": "799567a5-c454-4147-83ec-9aa755ecd004",
      "documentClassName": "Class2",
      "displayName": "Class2",
      "profileName": "JobClass16"
    },
    {
      "documentClassID": "9593bac3-a74d-43d1-bc58-449e2384180e",
      "documentClassName": "Class3",
      "displayName": "Class3",
      "profileName": "JobClass16"
    },
    {
      "documentClassID": "a091a169-b314-43eb-b0ff-c383481849e4",
      "documentClassName": "Class4",
      "displayName": "Class4",
      "profileName": "JobClass16"
    },
    {
      "documentClassID": "e30c4cb0-6434-4e0d-a5c2-925e44ad6bf4",
      "documentClassName": "Class5",
      "displayName": "Class5",
      "profileName": "JobClass16"
    },
    {
      "documentClassID": "4387af92-f26f-4a4b-9702-02cfa7ac8fde",
      "documentClassName": "Class6",
      "displayName": "Class6",
      "profileName": "JobClass16"
    },
    {
      "documentClassID": "af275ee9-cb67-460c-8e5f-ae0b0d89facb",
      "documentClassName": "CLass7",
      "displayName": "CLass7",
      "profileName": "JobClass16"
    }
  ]
}