{
  "profileSettings": {
    "validationSettings": {
      "isTrainingEnabled": true,
      "deleteAllowanceDocuments": "allowed",
      "deleteAllowancePages": "allowed",
      "isSubmitToByUserEnabled": false
    },
    "reportingSettings": {
      "isReportingActivated": false,
      "isReportingCaching": false,
      "isReportUserNameComputerNameActivated": false
    }
  },
  "documentClassHeaders": [
    {
      "documentClassID": "4b730d61-7078-4c25-8d21-9a1cdb186b79",
      "documentClassName": "DocumentClass",
      "displayName": "DocumentClass",
      "profileName": "JobClass28"
    }
  ],
  "batchFieldClasses": []
}