{
  "documentClassName": "DocumentClass",
  "displayName": "DocumentClass",
  "defaultDisplayName": "DocumentClass",
  "displayNames": [],
  "backcolor": "#FFFFFF",
  "columnSetups": [
    {
      "width": "50%"
    },
    {
      "width": "50%"
    }
  ],
  "rowSetups": [
    {
      "height": null
    },
    {
      "height": null
    }
  ],
  "elementSetups": [
    {
      "$type": "TextFieldSetup",
      "fieldNameAboveControl": true,
      "displayName": "Foldername",
      "defaultDisplayName": "Foldername",
      "displayNames": [],
      "notNull": false,
      "canTrain": false,
      "defaultValue": "subfolder",
      "supportsReporting": false,
      "enableHighlighting": true,
      "fieldNameVisibility": "inline",
      "showWarningSymbol": true,
      "collapseWarningSymbol": false,
      "controlBackcolorOK": "#FFFFFF",
      "controlForecolorOK": "#000000",
      "controlBackcolorError": "#FFEAED",
      "controlForecolorError": "#000000",
      "fieldNameFontSettings": {
        "fontFamily": "Tahoma",
        "fontWeight": "Normal",
        "fontStyle": "Normal",
        "fontSize": "11px"
      },
      "fieldControlFontSettings": {
        "fontFamily": "Tahoma",
        "fontWeight": "Normal",
        "fontStyle": "Normal",
        "fontSize": "11px"
      },
      "readOnly": false,
      "textAlignment": "left",
      "normGuid": "",
      "fieldBackcolorSelected": "#EBEDF0",
      "fieldForecolorSelected": "#000000",
      "tabOrder": 1,
      "name": "Foldername",
      "elementType": 0,
      "margin": "5px 5px 5px 3px",
      "column": 0,
      "row": 0,
      "columnSpan": 1,
      "rowSpan": 1,
      "visible": true,
      "fieldBackcolorUnselected": "#FFFFFF",
      "fieldForecolorUnselected": "#000000"
    },
    {
      "$type": "TextFieldSetup",
      "fieldNameAboveControl": true,
      "displayName": "Filename",
      "defaultDisplayName": "Filename",
      "displayNames": [],
      "notNull": false,
      "canTrain": false,
      "defaultValue": "MyFilename.csv",
      "supportsReporting": false,
      "enableHighlighting": true,
      "fieldNameVisibility": "inline",
      "showWarningSymbol": true,
      "collapseWarningSymbol": false,
      "controlBackcolorOK": "#FFFFFF",
      "controlForecolorOK": "#000000",
      "controlBackcolorError": "#FFEAED",
      "controlForecolorError": "#000000",
      "fieldNameFontSettings": {
        "fontFamily": "Tahoma",
        "fontWeight": "Normal",
        "fontStyle": "Normal",
        "fontSize": "11px"
      },
      "fieldControlFontSettings": {
        "fontFamily": "Tahoma",
        "fontWeight": "Normal",
        "fontStyle": "Normal",
        "fontSize": "11px"
      },
      "readOnly": false,
      "textAlignment": "left",
      "normGuid": "",
      "fieldBackcolorSelected": "#EBEDF0",
      "fieldForecolorSelected": "#000000",
      "tabOrder": 2,
      "name": "Filename",
      "elementType": 0,
      "margin": "5px 5px 5px 3px",
      "column": 1,
      "row": 0,
      "columnSpan": 1,
      "rowSpan": 1,
      "visible": true,
      "fieldBackcolorUnselected": "#FFFFFF",
      "fieldForecolorUnselected": "#000000"
    },
    {
      "$type": "TableFieldSetup",
      "columns": [
        {
          "isInSecondLine": false,
          "orderNumber": 0,
          "widthAsNumber": -1.0,
          "width": "20%",
          "displayName": "Qty",
          "defaultDisplayName": "Qty",
          "displayNames": [],
          "notNull": false,
          "canTrain": false,
          "defaultValue": "",
          "supportsReporting": false,
          "enableHighlighting": true,
          "fieldNameVisibility": "inline",
          "showWarningSymbol": true,
          "collapseWarningSymbol": false,
          "controlBackcolorOK": "#FFFFFF",
          "controlForecolorOK": "#000000",
          "controlBackcolorError": "#FFEAED",
          "controlForecolorError": "#000000",
          "fieldNameFontSettings": {
            "fontFamily": "Tahoma",
            "fontWeight": "Normal",
            "fontStyle": "Normal",
            "fontSize": "11px"
          },
          "fieldControlFontSettings": {
            "fontFamily": "Tahoma",
            "fontWeight": "Normal",
            "fontStyle": "Normal",
            "fontSize": "11px"
          },
          "readOnly": false,
          "textAlignment": "left",
          "normGuid": "",
          "fieldBackcolorSelected": "#EBEDF0",
          "fieldForecolorSelected": "#000000",
          "tabOrder": 1,
          "name": "Qty",
          "elementType": 0,
          "margin": "5px 5px 5px 3px",
          "column": -1,
          "row": -1,
          "columnSpan": 1,
          "rowSpan": 1,
          "visible": true,
          "fieldBackcolorUnselected": "#FFFFFF",
          "fieldForecolorUnselected": "#000000"
        },
        {
          "isInSecondLine": false,
          "orderNumber": 1,
          "widthAsNumber": -1.0,
          "width": "20%",
          "displayName": "UoM",
          "defaultDisplayName": "UoM",
          "displayNames": [],
          "notNull": false,
          "canTrain": false,
          "defaultValue": "",
          "supportsReporting": false,
          "enableHighlighting": true,
          "fieldNameVisibility": "inline",
          "showWarningSymbol": true,
          "collapseWarningSymbol": false,
          "controlBackcolorOK": "#FFFFFF",
          "controlForecolorOK": "#000000",
          "controlBackcolorError": "#FFEAED",
          "controlForecolorError": "#000000",
          "fieldNameFontSettings": {
            "fontFamily": "Tahoma",
            "fontWeight": "Normal",
            "fontStyle": "Normal",
            "fontSize": "11px"
          },
          "fieldControlFontSettings": {
            "fontFamily": "Tahoma",
            "fontWeight": "Normal",
            "fontStyle": "Normal",
            "fontSize": "11px"
          },
          "readOnly": false,
          "textAlignment": "left",
          "normGuid": "",
          "fieldBackcolorSelected": "#EBEDF0",
          "fieldForecolorSelected": "#000000",
          "tabOrder": 1,
          "name": "UoM",
          "elementType": 0,
          "margin": "5px 5px 5px 3px",
          "column": -1,
          "row": -1,
          "columnSpan": 1,
          "rowSpan": 1,
          "visible": true,
          "fieldBackcolorUnselected": "#FFFFFF",
          "fieldForecolorUnselected": "#000000"
        },
        {
          "isInSecondLine": false,
          "orderNumber": 2,
          "widthAsNumber": -1.0,
          "width": "20%",
          "displayName": "Description",
          "defaultDisplayName": "Description",
          "displayNames": [],
          "notNull": false,
          "canTrain": false,
          "defaultValue": "",
          "supportsReporting": false,
          "enableHighlighting": true,
          "fieldNameVisibility": "inline",
          "showWarningSymbol": true,
          "collapseWarningSymbol": false,
          "controlBackcolorOK": "#FFFFFF",
          "controlForecolorOK": "#000000",
          "controlBackcolorError": "#FFEAED",
          "controlForecolorError": "#000000",
          "fieldNameFontSettings": {
            "fontFamily": "Tahoma",
            "fontWeight": "Normal",
            "fontStyle": "Normal",
            "fontSize": "11px"
          },
          "fieldControlFontSettings": {
            "fontFamily": "Tahoma",
            "fontWeight": "Normal",
            "fontStyle": "Normal",
            "fontSize": "11px"
          },
          "readOnly": false,
          "textAlignment": "left",
          "normGuid": "",
          "fieldBackcolorSelected": "#EBEDF0",
          "fieldForecolorSelected": "#000000",
          "tabOrder": 1,
          "name": "Description",
          "elementType": 0,
          "margin": "5px 5px 5px 3px",
          "column": -1,
          "row": -1,
          "columnSpan": 1,
          "rowSpan": 1,
          "visible": true,
          "fieldBackcolorUnselected": "#FFFFFF",
          "fieldForecolorUnselected": "#000000"
        },
        {
          "isInSecondLine": false,
          "orderNumber": 3,
          "widthAsNumber": -1.0,
          "width": "20%",
          "displayName": "Price",
          "defaultDisplayName": "Price",
          "displayNames": [],
          "notNull": false,
          "canTrain": false,
          "defaultValue": "",
          "supportsReporting": false,
          "enableHighlighting": true,
          "fieldNameVisibility": "inline",
          "showWarningSymbol": true,
          "collapseWarningSymbol": false,
          "controlBackcolorOK": "#FFFFFF",
          "controlForecolorOK": "#000000",
          "controlBackcolorError": "#FFEAED",
          "controlForecolorError": "#000000",
          "fieldNameFontSettings": {
            "fontFamily": "Tahoma",
            "fontWeight": "Normal",
            "fontStyle": "Normal",
            "fontSize": "11px"
          },
          "fieldControlFontSettings": {
            "fontFamily": "Tahoma",
            "fontWeight": "Normal",
            "fontStyle": "Normal",
            "fontSize": "11px"
          },
          "readOnly": false,
          "textAlignment": "left",
          "normGuid": "",
          "fieldBackcolorSelected": "#EBEDF0",
          "fieldForecolorSelected": "#000000",
          "tabOrder": 1,
          "name": "Price",
          "elementType": 0,
          "margin": "5px 5px 5px 3px",
          "column": -1,
          "row": -1,
          "columnSpan": 1,
          "rowSpan": 1,
          "visible": true,
          "fieldBackcolorUnselected": "#FFFFFF",
          "fieldForecolorUnselected": "#000000"
        },
        {
          "isInSecondLine": false,
          "orderNumber": 4,
          "widthAsNumber": -1.0,
          "width": "20%",
          "displayName": "Total",
          "defaultDisplayName": "Total",
          "displayNames": [],
          "notNull": false,
          "canTrain": false,
          "defaultValue": "",
          "supportsReporting": false,
          "enableHighlighting": true,
          "fieldNameVisibility": "inline",
          "showWarningSymbol": true,
          "collapseWarningSymbol": false,
          "controlBackcolorOK": "#FFFFFF",
          "controlForecolorOK": "#000000",
          "controlBackcolorError": "#FFEAED",
          "controlForecolorError": "#000000",
          "fieldNameFontSettings": {
            "fontFamily": "Tahoma",
            "fontWeight": "Normal",
            "fontStyle": "Normal",
            "fontSize": "11px"
          },
          "fieldControlFontSettings": {
            "fontFamily": "Tahoma",
            "fontWeight": "Normal",
            "fontStyle": "Normal",
            "fontSize": "11px"
          },
          "readOnly": false,
          "textAlignment": "left",
          "normGuid": "",
          "fieldBackcolorSelected": "#EBEDF0",
          "fieldForecolorSelected": "#000000",
          "tabOrder": 1,
          "name": "Total",
          "elementType": 0,
          "margin": "5px 5px 5px 3px",
          "column": -1,
          "row": -1,
          "columnSpan": 1,
          "rowSpan": 1,
          "visible": true,
          "fieldBackcolorUnselected": "#FFFFFF",
          "fieldForecolorUnselected": "#000000"
        }
      ],
      "height": "Auto",
      "maxHeight": "200",
      "headerBackcolorUnselected": "#F2F2F2",
      "allowDeleteRows": true,
      "allowInsertRows": true,
      "rowMarkerHidden": false,
      "rowBordersVisible": false,
      "view": 2,
      "headerLayoutTimeStamp": "2019-03-08T16:57:13.4804651Z",
      "displayName": "Items",
      "defaultDisplayName": "Items",
      "displayNames": [],
      "notNull": false,
      "canTrain": false,
      "defaultValue": "",
      "supportsReporting": false,
      "enableHighlighting": false,
      "fieldNameVisibility": "inline",
      "showWarningSymbol": true,
      "collapseWarningSymbol": false,
      "controlBackcolorOK": "#FFFFFF",
      "controlForecolorOK": "#000000",
      "controlBackcolorError": "#FFEAED",
      "controlForecolorError": "#000000",
      "fieldNameFontSettings": {
        "fontFamily": "Tahoma",
        "fontWeight": "Normal",
        "fontStyle": "Normal",
        "fontSize": "11px"
      },
      "fieldControlFontSettings": {
        "fontFamily": "Tahoma",
        "fontWeight": "Normal",
        "fontStyle": "Normal",
        "fontSize": "11px"
      },
      "readOnly": false,
      "textAlignment": "left",
      "normGuid": "",
      "fieldBackcolorSelected": "#EBEDF0",
      "fieldForecolorSelected": "#000000",
      "tabOrder": 3,
      "name": "Items",
      "elementType": 0,
      "margin": "5px 5px 5px 3px",
      "column": 0,
      "row": 1,
      "columnSpan": 2,
      "rowSpan": 1,
      "visible": true,
      "fieldBackcolorUnselected": "#FFFFFF",
      "fieldForecolorUnselected": "#000000"
    }
  ]
}