{
  "enableTraining": true,
  "allowManualSeparation": true,
  "allowSwitchImage": false,
  "classificationByAct": false,
  "classificationByArt": false,
  "deleteAllowancePages": "allowed",
  "deleteAllowanceDocuments": "allowed",
  "tasksEnabled": false,
  "userMaySubmitTo": false,
  "usePredefinedRejectReasons": false,
  "usePredefinedSuspendReasons": false,
  "rejectReasons": [],
  "suspendReasons": [],
  "controlForecolorOK": "#000000",
  "controlForecolorError": "#000000",
  "controlBackcolorOK": "#FFFFFF",
  "controlBackcolorError": "#FFEAED",
  "showWarningSymbol": true,
  "collapseWarningSymbol": false,
  "displayLanguages": [],
  "normSequences": [
    {
      "name": "Amount",
      "id": "68d5c524-68bd-43ee-9811-0723d43887d1",
      "errorMessage": "Expected format : ######.##",
      "pattern": null,
      "actions": [],
      "errorMessagesPerLanguage": []
    },
    {
      "name": "US Date",
      "id": "fe1a484a-c3d7-4789-8033-290521483a98",
      "errorMessage": "Expected format: mm/dd/yyyy",
      "pattern": null,
      "actions": [],
      "errorMessagesPerLanguage": []
    },
    {
      "name": "German Date",
      "id": "d6defc13-82ff-42e6-ad61-801dae150d1e",
      "errorMessage": "Expected format : dd.mm.yyyy",
      "pattern": null,
      "actions": [],
      "errorMessagesPerLanguage": []
    },
    {
      "name": "US Phone Number",
      "id": "f2b568d1-0020-47e7-97af-41e79e955e03",
      "errorMessage": "Expected format : (111)344-3333",
      "pattern": "\\(\\d{3}\\)\\d{3}-\\d{4}",
      "actions": [
        {
          "$type": "ReplaceStringActionSetup",
          "errorMessage": "?",
          "searchFor": " ",
          "replaceWith": "",
          "actionId": "ReplaceStringActionSetup",
          "ErrorMessage": "?",
          "ActionId": "ReplaceStringActionSetup"
        },
        {
          "$type": "ReplaceRegExActionSetup",
          "errorMessage": "?",
          "pattern": "(\\d{3})-(\\d{3}-\\d{4})",
          "replace": "($1)$2",
          "actionId": "ReplaceRegExActionSetup",
          "ErrorMessage": "?",
          "ActionId": "ReplaceRegExActionSetup"
        }
      ],
      "errorMessagesPerLanguage": []
    },
    {
      "name": "Currencies",
      "id": "2a265e12-27ae-4692-8fc3-5bd78ecbb8d8",
      "errorMessage": "Expected format : Currency ISO code",
      "pattern": null,
      "actions": [],
      "errorMessagesPerLanguage": []
    },
    {
      "name": "Integer",
      "id": "da821b23-7141-4196-b4e2-b946a47beee1",
      "errorMessage": "Expected format : Numeric string",
      "pattern": "\\d+",
      "actions": [
        {
          "$type": "ReplaceRegExActionSetup",
          "errorMessage": "?",
          "pattern": "(\\d)[,\\.](?=\\d{3}\\D)",
          "replace": "$1",
          "actionId": "ReplaceRegExActionSetup",
          "ErrorMessage": "?",
          "ActionId": "ReplaceRegExActionSetup"
        }
      ],
      "errorMessagesPerLanguage": []
    },
    {
      "name": "Floating",
      "id": "05f88d8b-9108-49e6-9523-9978fa4aa0cd",
      "errorMessage": "Expected format : #####.###",
      "pattern": "\\d+(\\.\\d+)?",
      "actions": [
        {
          "$type": "ReplaceRegExActionSetup",
          "errorMessage": "?",
          "pattern": "(\\d)[,\\.](?=\\d{3}\\D)",
          "replace": "$1",
          "actionId": "ReplaceRegExActionSetup",
          "ErrorMessage": "?",
          "ActionId": "ReplaceRegExActionSetup"
        },
        {
          "$type": "ReplaceStringActionSetup",
          "errorMessage": "?",
          "searchFor": ",",
          "replaceWith": ".",
          "actionId": "ReplaceStringActionSetup",
          "ErrorMessage": "?",
          "ActionId": "ReplaceStringActionSetup"
        }
      ],
      "errorMessagesPerLanguage": []
    },
    {
      "name": "Percent",
      "id": "7dbccf43-fc28-46ca-a376-41f0502ea733",
      "errorMessage": "Expected format : #####.##",
      "pattern": null,
      "actions": [],
      "errorMessagesPerLanguage": []
    },
    {
      "name": "E-Mail Address",
      "id": "db69bcb8-3032-42e8-9bc0-7f84c3865d48",
      "errorMessage": "Expected format : Valid eMail address",
      "pattern": "[A-Z0-9._%+-]+@[A-Z0-9.-]+\\.[A-Z]{2,4}",
      "actions": [
        {
          "$type": "ReplaceToUpperActionSetup",
          "errorMessage": "?",
          "actionId": "ReplaceToUpperActionSetup",
          "ErrorMessage": "?",
          "ActionId": "ReplaceToUpperActionSetup"
        }
      ],
      "errorMessagesPerLanguage": []
    },
    {
      "name": "WebSite (URL)",
      "id": "fd20cc81-953a-414b-b462-457fa8fcd887",
      "errorMessage": "Expected format : valid url",
      "pattern": "(HTTP://)?WWW\\.[A-Z0-9.-]+\\.[A-Z]{2,4}",
      "actions": [
        {
          "$type": "ReplaceToUpperActionSetup",
          "errorMessage": "?",
          "actionId": "ReplaceToUpperActionSetup",
          "ErrorMessage": "?",
          "ActionId": "ReplaceToUpperActionSetup"
        }
      ],
      "errorMessagesPerLanguage": []
    },
    {
      "name": "JapaneseAmount",
      "id": "22516600-406e-4bb0-b276-39db421efba1",
      "errorMessage": "Expected format : #######",
      "pattern": null,
      "actions": [],
      "errorMessagesPerLanguage": []
    },
    {
      "name": "JapaneseDate",
      "id": "8a2ee7d3-65b4-4812-9076-9cbcc5449701",
      "errorMessage": "Expected format : dd.mm.yyyy",
      "pattern": null,
      "actions": [],
      "errorMessagesPerLanguage": []
    },
    {
      "name": "AsianDate",
      "id": "bcc75b3e-c053-49ca-8bb1-f48506a82ff3",
      "errorMessage": "Expected format : dd.mm.yyyy",
      "pattern": null,
      "actions": [],
      "errorMessagesPerLanguage": []
    }
  ]
}