{
  "profileSettings": {
    "validationSettings": {
      "isTrainingEnabled": true,
      "deleteAllowanceDocuments": "allowed",
      "deleteAllowancePages": "allowed",
      "isSubmitToByUserEnabled": false
    },
    "reportingSettings": {
      "isReportingActivated": false,
      "isReportingCaching": false,
      "isReportUserNameComputerNameActivated": false
    }
  },
  "documentClassHeaders": [
    {
      "documentClassID": "e4324cc7-1c82-4181-9880-632a8700b8a4",
      "documentClassName": "D1",
      "displayName": "D1",
      "profileName": "JobClass19"
    },
    {
      "documentClassID": "d2718189-b091-449a-bd35-f2f4718cc102",
      "documentClassName": "D2",
      "displayName": "D2",
      "profileName": "JobClass19"
    }
  ],
  "batchFieldClasses": []
}