{
  "profileSettings": {
    "validationSettings": {
      "isTrainingEnabled": true,
      "deleteAllowanceDocuments": "allowed",
      "deleteAllowancePages": "allowed",
      "isSubmitToByUserEnabled": false
    },
    "reportingSettings": {
      "isReportingActivated": false,
      "isReportingCaching": false,
      "isReportUserNameComputerNameActivated": false
    }
  },
  "documentClassHeaders": [
    {
      "documentClassID": "747e41fd-40e3-4805-861c-53b3ef0003d0",
      "documentClassName": "DocumentClass",
      "displayName": "DocumentClass",
      "profileName": "JobClass26"
    }
  ],
  "batchFieldClasses": []
}