{
  "documentClassName": "Unkown",
  "displayName": "Unkown",
  "fieldClasses": [
    {
      "$type": "TextFieldClass",
      "name": "FirstName",
      "displayName": "FirstName"
    },
    {
      "$type": "TextFieldClass",
      "name": "LastName",
      "displayName": "LastName"
    },
    {
      "$type": "TextFieldClass",
      "name": "Profession",
      "displayName": "Profession"
    },
    {
      "$type": "TextFieldClass",
      "name": "Signature",
      "displayName": "Signature"
    }
  ]
}