{
  "profileSettings": {
    "validationSettings": {
      "isTrainingEnabled": true,
      "deleteAllowanceDocuments": "allowed",
      "deleteAllowancePages": "allowed",
      "isSubmitToByUserEnabled": false
    },
    "reportingSettings": {
      "isReportingActivated": false,
      "isReportingCaching": false,
      "isReportUserNameComputerNameActivated": false
    }
  },
  "documentClassHeaders": [
    {
      "documentClassID": "11021d35-56ab-4786-8576-3746ffb241dc",
      "documentClassName": "Unkown",
      "displayName": "Unkown",
      "profileName": "JobClass29"
    },
    {
      "documentClassID": "3d8ad548-219f-41d6-b91a-f61848fc7278",
      "documentClassName": "Form",
      "displayName": "Form",
      "profileName": "JobClass29"
    }
  ],
  "batchFieldClasses": []
}