{
  "documentClassName": "DocumentClass",
  "displayName": "DocumentClass",
  "fieldClasses": [
    {
      "$type": "TextFieldClass",
      "name": "Foldername",
      "displayName": "Foldername"
    },
    {
      "$type": "TextFieldClass",
      "name": "Filename",
      "displayName": "Filename"
    },
    {
      "$type": "TableFieldClass",
      "name": "Items",
      "displayName": "Items",
      "columns": [
        {
          "name": "Qty",
          "displayName": "Qty"
        },
        {
          "name": "UoM",
          "displayName": "UoM"
        },
        {
          "name": "Description",
          "displayName": "Description"
        },
        {
          "name": "Price",
          "displayName": "Price"
        },
        {
          "name": "Total",
          "displayName": "Total"
        }
      ]
    }
  ]
}