{
  "documentClassName": "DocumentClass",
  "displayName": "DocumentClass",
  "fieldClasses": [
    {
      "$type": "TextFieldClass",
      "name": "Hello",
      "displayName": "Hello"
    },
    {
      "$type": "TextFieldClass",
      "name": "World",
      "displayName": "World"
    },
    {
      "$type": "TextFieldClass",
      "name": "Amount",
      "displayName": "Amount"
    },
    {
      "$type": "TextFieldClass",
      "name": "Empty",
      "displayName": "Empty"
    }
  ]
}