{
  "documentClassName": "DocumentClass",
  "displayName": "DocumentClass",
  "fieldClasses": [
    {
      "$type": "TextFieldClass",
      "name": "InvoiceTotals",
      "displayName": "InvoiceTotals"
    },
    {
      "$type": "TextFieldClass",
      "name": "Total",
      "displayName": "Total"
    },
    {
      "$type": "TextFieldClass",
      "name": "Net",
      "displayName": "Net"
    },
    {
      "$type": "TextFieldClass",
      "name": "Vat",
      "displayName": "Vat"
    },
    {
      "$type": "TextFieldClass",
      "name": "VatRate",
      "displayName": "VatRate"
    },
    {
      "$type": "TextFieldClass",
      "name": "Expenses",
      "displayName": "Expenses"
    },
    {
      "$type": "TextFieldClass",
      "name": "Currency",
      "displayName": "Currency"
    },
    {
      "$type": "TableFieldClass",
      "name": "Taxes",
      "displayName": "Taxes",
      "columns": [
        {
          "name": "Total",
          "displayName": "Total"
        },
        {
          "name": "Net",
          "displayName": "Net"
        },
        {
          "name": "Vat",
          "displayName": "Vat"
        },
        {
          "name": "VatRate",
          "displayName": "VatRate"
        },
        {
          "name": "Currency",
          "displayName": "Currency"
        }
      ]
    }
  ]
}