<?xml version="1.0" standalone="yes"?>
<NewDataSet>
  <xs:schema id="NewDataSet" xmlns="" xmlns:xs="http://www.w3.org/2001/XMLSchema" xmlns:msdata="urn:schemas-microsoft-com:xml-msdata">
    <xs:element name="NewDataSet" msdata:IsDataSet="true" msdata:MainDataTable="Table" msdata:UseCurrentLocale="true">
      <xs:complexType>
        <xs:choice minOccurs="0" maxOccurs="unbounded">
          <xs:element name="Table">
            <xs:complexType>
              <xs:sequence>
                <xs:element name="Id" type="xs:int" minOccurs="0" />
                <xs:element name="_x0031_" type="xs:string" minOccurs="0" />
                <xs:element name="_x0032_" type="xs:string" minOccurs="0" />
                <xs:element name="_x0033_" type="xs:string" minOccurs="0" />
                <xs:element name="_x0034_" type="xs:string" minOccurs="0" />
                <xs:element name="_x0035_" type="xs:string" minOccurs="0" />
                <xs:element name="_x0036_" type="xs:string" minOccurs="0" />
                <xs:element name="_x0037_" type="xs:string" minOccurs="0" />
                <xs:element name="_x0038_" type="xs:string" minOccurs="0" />
                <xs:element name="_x0039_" type="xs:string" minOccurs="0" />
                <xs:element name="_x0031_0" type="xs:string" minOccurs="0" />
              </xs:sequence>
            </xs:complexType>
          </xs:element>
        </xs:choice>
      </xs:complexType>
    </xs:element>
  </xs:schema>
</NewDataSet>