<?xml version="1.0" standalone="yes"?>
<NewDataSet>
  <xs:schema id="NewDataSet" xmlns="" xmlns:xs="http://www.w3.org/2001/XMLSchema" xmlns:msdata="urn:schemas-microsoft-com:xml-msdata">
    <xs:element name="NewDataSet" msdata:IsDataSet="true" msdata:MainDataTable="Table" msdata:UseCurrentLocale="true">
      <xs:complexType>
        <xs:choice minOccurs="0" maxOccurs="unbounded">
          <xs:element name="Table">
            <xs:complexType>
              <xs:sequence>
                <xs:element name="Id" type="xs:int" minOccurs="0" />
                <xs:element name="USInvoiceVendor" type="xs:string" minOccurs="0" />
                <xs:element name="COMPANY" type="xs:string" minOccurs="0" />
                <xs:element name="POBOX" type="xs:string" minOccurs="0" />
                <xs:element name="STREET" type="xs:string" minOccurs="0" />
                <xs:element name="CITYNAME" type="xs:string" minOccurs="0" />
                <xs:element name="STATE" type="xs:string" minOccurs="0" />
                <xs:element name="ZIP" type="xs:string" minOccurs="0" />
                <xs:element name="PHONE" type="xs:string" minOccurs="0" />
                <xs:element name="FAX" type="xs:string" minOccurs="0" />
              </xs:sequence>
            </xs:complexType>
          </xs:element>
        </xs:choice>
      </xs:complexType>
    </xs:element>
  </xs:schema>
  <Table>
    <Id>1</Id>
    <USInvoiceVendor>5001</USInvoiceVendor>
    <COMPANY>Northern Technologies Intl Corp</COMPANY>
    <POBOX>PO Box 69</POBOX>
    <STREET>22 Village Parkway</STREET>
    <CITYNAME>Circle Pines</CITYNAME>
    <STATE>MN</STATE>
    <ZIP>55014</ZIP>
    <PHONE>763.225.6600</PHONE>
    <FAX>763.225.6645</FAX>
  </Table>
  <Table>
    <Id>2</Id>
    <USInvoiceVendor>1000</USInvoiceVendor>
    <COMPANY>AMERICAN CONVERTERS</COMPANY>
    <POBOX />
    <STREET>5360 Main St. NE</STREET>
    <CITYNAME>Fridley</CITYNAME>
    <STATE>MN</STATE>
    <ZIP>55421</ZIP>
    <PHONE>763-574-1044</PHONE>
    <FAX>763-574-1015</FAX>
  </Table>
  <Table>
    <Id>3</Id>
    <USInvoiceVendor>4001</USInvoiceVendor>
    <COMPANY>International Paper</COMPANY>
    <POBOX>PO Box 532655</POBOX>
    <STREET />
    <CITYNAME>Atlanta</CITYNAME>
    <STATE>GA</STATE>
    <ZIP>30353-2655</ZIP>
    <PHONE>210-661-8543</PHONE>
    <FAX />
  </Table>
  <Table>
    <Id>4</Id>
    <USInvoiceVendor>6002</USInvoiceVendor>
    <COMPANY>Karcher North America</COMPANY>
    <POBOX>DEPT.CH 19244</POBOX>
    <STREET />
    <CITYNAME>Palatine</CITYNAME>
    <STATE>IL</STATE>
    <ZIP>60055-9244</ZIP>
    <PHONE>303-738-2472</PHONE>
    <FAX />
  </Table>
  <Table>
    <Id>5</Id>
    <USInvoiceVendor>5988</USInvoiceVendor>
    <COMPANY>CaseTech</COMPANY>
    <POBOX />
    <STREET>425 South 48th St., Suite 114</STREET>
    <CITYNAME>Tempe</CITYNAME>
    <STATE>AZ</STATE>
    <ZIP>85281</ZIP>
    <PHONE>480-671-9405</PHONE>
    <FAX>1-800-999-1001</FAX>
  </Table>
  <Table>
    <Id>6</Id>
    <USInvoiceVendor>9834</USInvoiceVendor>
    <COMPANY>Accutech Packaging, Inc</COMPANY>
    <POBOX>P.O. Box 273</POBOX>
    <STREET />
    <CITYNAME>Rockland</CITYNAME>
    <STATE>MA</STATE>
    <ZIP>02370-0473</ZIP>
    <PHONE>508-343-3800</PHONE>
    <FAX>508-343-0330</FAX>
  </Table>
  <Table>
    <Id>7</Id>
    <USInvoiceVendor>3433</USInvoiceVendor>
    <COMPANY>International Paper</COMPANY>
    <POBOX>P.O. Box 644095</POBOX>
    <STREET />
    <CITYNAME>Pittsburgh</CITYNAME>
    <STATE>PA</STATE>
    <ZIP>15264-4095</ZIP>
    <PHONE>982-888-1500</PHONE>
    <FAX>982-888-1000</FAX>
  </Table>
  <Table>
    <Id>8</Id>
    <USInvoiceVendor>5555</USInvoiceVendor>
    <COMPANY>Automated Packaging Systems</COMPANY>
    <POBOX />
    <STREET>10175 Phillip Parkway</STREET>
    <CITYNAME>Streetsboro</CITYNAME>
    <STATE>Ohio</STATE>
    <ZIP>44241</ZIP>
    <PHONE>330-342-2249</PHONE>
    <FAX>330-342-2400</FAX>
  </Table>
  <Table>
    <Id>9</Id>
    <USInvoiceVendor>7777</USInvoiceVendor>
    <COMPANY>Great Northern Corp.</COMPANY>
    <POBOX />
    <STREET>8600 Wyoming Ave. North</STREET>
    <CITYNAME>Brooklyn Park</CITYNAME>
    <STATE>MN</STATE>
    <ZIP>55445</ZIP>
    <PHONE>763-493-5521</PHONE>
    <FAX>763-493-6511</FAX>
  </Table>
  <Table>
    <Id>10</Id>
    <USInvoiceVendor>9818</USInvoiceVendor>
    <COMPANY>Genphil, Incorporated</COMPANY>
    <POBOX>P.O. Box 36</POBOX>
    <STREET>98 John Street</STREET>
    <CITYNAME>New Britain</CITYNAME>
    <STATE>CT</STATE>
    <ZIP>06051</ZIP>
    <PHONE>860-223-0336</PHONE>
    <FAX>860-225-4205</FAX>
  </Table>
  <Table>
    <Id>11</Id>
    <USInvoiceVendor>1111</USInvoiceVendor>
    <COMPANY>National Envelope</COMPANY>
    <POBOX>P.O. Box 951419</POBOX>
    <STREET />
    <CITYNAME>Dallas</CITYNAME>
    <STATE>TX</STATE>
    <ZIP>75395-1419</ZIP>
    <PHONE>214-818-2000</PHONE>
    <FAX>800-602-8205</FAX>
  </Table>
  <Table>
    <Id>12</Id>
    <USInvoiceVendor>1919</USInvoiceVendor>
    <COMPANY>Menasha Packaging</COMPANY>
    <POBOX>PO Box 840557</POBOX>
    <STREET />
    <CITYNAME>Dallas</CITYNAME>
    <STATE>TX</STATE>
    <ZIP>75284-0557</ZIP>
    <PHONE>1-952-469-4451</PHONE>
    <FAX />
  </Table>
  <Table>
    <Id>13</Id>
    <USInvoiceVendor>1920</USInvoiceVendor>
    <COMPANY>National Envelope</COMPANY>
    <POBOX>P.O. Box 933251</POBOX>
    <STREET />
    <CITYNAME>Atlanta</CITYNAME>
    <STATE>GA</STATE>
    <ZIP>31193</ZIP>
    <PHONE>214-818-2000</PHONE>
    <FAX>800-602-8205</FAX>
  </Table>
  <Table>
    <Id>14</Id>
    <USInvoiceVendor>5002</USInvoiceVendor>
    <COMPANY>C.E.B. New York</COMPANY>
    <POBOX />
    <STREET>7890 Broad Street</STREET>
    <CITYNAME>New York</CITYNAME>
    <STATE>NY</STATE>
    <ZIP>10001</ZIP>
    <PHONE>212-666-9600</PHONE>
    <FAX>212-881-6161</FAX>
  </Table>
</NewDataSet>