{
  "documentClassName": "DocumentClass",
  "displayName": "DocumentClass",
  "fieldClasses": [
    {
      "$type": "TextFieldClass",
      "name": "Account",
      "displayName": "Account"
    },
    {
      "$type": "TextFieldClass",
      "name": "Name",
      "displayName": "Name"
    },
    {
      "$type": "TextFieldClass",
      "name": "Telephone",
      "displayName": "Telephone"
    },
    {
      "$type": "TextFieldClass",
      "name": "Balance",
      "displayName": "Balance"
    },
    {
      "$type": "TableFieldClass",
      "name": "Table",
      "displayName": "Table",
      "columns": [
        {
          "name": "Account",
          "displayName": "Account"
        },
        {
          "name": "Name",
          "displayName": "Name"
        },
        {
          "name": "Telephone",
          "displayName": "Telephone"
        },
        {
          "name": "Balance",
          "displayName": "Balance"
        }
      ]
    }
  ]
}