{
  "profileSettings": {
    "validationSettings": {
      "isTrainingEnabled": true,
      "deleteAllowanceDocuments": "allowed",
      "deleteAllowancePages": "allowed",
      "isSubmitToByUserEnabled": false
    },
    "reportingSettings": {
      "isReportingActivated": false,
      "isReportingCaching": false,
      "isReportUserNameComputerNameActivated": false
    }
  },
  "documentClassHeaders": [
    {
      "documentClassID": "02e67b2f-de61-42df-997d-27a14c835749",
      "documentClassName": "DocumentClass",
      "displayName": "DocumentClass",
      "profileName": "JobClass28"
    }
  ],
  "batchFieldClasses": []
}